{
    "DefaultCoinsCount": 1200,
    "DefaultProductionTime": [
        0,
        3,
        4,
        4,
        4,
        4,
        4,
        4,
        4,
        4,
        4,
        4,
        4,
        4,
        4,
        4,
        1
    ],
    "DefaultProductProfit": [
        0,
        25,
        200,
        2000,
        20000,
        200000,
        2000000,
        20000000,
        200000000,
        "2000000000",
        "20000000000",
        "200000000000",
        "2000000000000",
        "20000000000000",
        "200000000000000",
        "2000000000000000",
        "20000000000000000",
        "200000000000000000",
        "2000000000000000000",
        "20000000000000000000",
        "200000000000000000000",
        "2000000000000000000000",
        "20000000000000000000000",
        "200000000000000000000000",
        "2000000000000000000000000",
        "20000000000000000000000000",
        "200000000000000000000000000",
        "2000000000000000000000000000",
        "20000000000000000000000000000",
        "200000000000000000000000000000",
        "2000000000000000000000000000000",
        "20000000000000000000000000000000",
        "200000000000000000000000000000000",
        "2000000000000000000000000000000000",
        "20000000000000000000000000000000000",
        "200000000000000000000000000000000000",
        "2000000000000000000000000000000000000",
        "20000000000000000000000000000000000000",
        
    ],
    "PriceOfFloorUnlock": [
        0,
"1000",
"16000",
"240000",
"3200000",
"40000000",
"480000000",
"5600000000",
"64000000000",
"720000000000",
"8000000000000",
"88000000000000",
"960000000000000",
"1.04E+16",
"1.12E+17",
"1.2E+18",
"1.28E+19",       
"1.36E+20",
"1.44E+21",
"1.52E+22",
"1.6E+23",
"1.68E+24",
"1.76E+25",
"1.84E+26",
"1.92E+27",
"2E+28",
"2.08E+29",
"2.16E+30",
"2.24E+31",
"2.32E+32",
"2.4E+33",
"2.48E+34",
"2.56E+35",
"2.64E+36",
"2.72E+37",
"2.80E+38",
"2.88E+39",
"2.96E+40",
      
    ],
    "PriceOfMainFloorUpgrade": [
        0,
        0,
        500,
        7500,
        112500,
        1687500,
        25312500,
        379687500,
        5695312500,
        85429687500,
        1281445312500,
        19221679687500,
        288325195312500,
        4.32488E+15,
        6.48732E+16,
        9.73098E+17,
        1.45965E+19,
        2.18947E+20,
        3.2842E+21,
        4.92631E+22,
        7.38946E+23,
        1.10842E+25,
        1.66263E+26,
        2.49394E+27,
        3.74091E+28,
        5.61137E+29,
        8.41706E+30,
        1.26256E+32,
        1.89384E+33,
        2.84076E+34,
        4.26113E+35,
        6.3917E+36,
        9.58755E+37,
        1.43813E+39,
        2.1572E+40,
        3.2358E+41,
        4.8537E+42,
        7.28055E+43,
        ],
    "OffersForFloorUnlock": [
        0,
        0,
        1,
        1,
        1,
        2,
        2,
        2,
        3,
        3,
        3,
        4,
        4,
        4,
        4,
        4,
        4,
        4,
        4,
        4,
        4,
        4,
        4,
        4,
        4,
        4,
        4,
        4,
        4,
        4,
        4,
        4,
        4,
        4,
        4,
        4,
        4,
        4,
    ],

    "FloorMaxLevel": 20,
    
    "ExpToNextLevelConstant": 50,
    "ExpToNextLevelMultiplier": 1.18,
    "ExpToNextLevelStartValue": 70,

    "InstantlyProfitBonusCooldown": 120,
    "InstantlyProfitBonusSummationTime": 120,

    "SwipeMultiplierIncRate": 10,
    "SwipeMultiplierMax": 3.5,
    "SwipeMultiplierDecreaseRate": 3,
    
    "OfflineProfitAccumulationPeriod": 15,
    
    "ExtraProfitBonusDuration": 5,
    "ExtraSpeedBonusDuration": 3,
    "ExtraSpeedBonusIconVisibilityDuration": 30,
    "ExtraSpeedBonusIconVisibilityShowingInterval": "2.0,4.0",

    "DefaultFlourCount": 200,

    "FloorUpgradePrices": [
        0,
        400,
        8000,
        120000,
        1600000,
        20000000,
        240000000,
        2800000000,
        32000000000,
        "360000000000",
        "4000000000000",
        "44000000000000",
        "480000000000000",
        "5200000000000000",
        "56000000000000000",
        "600000000000000000",
        "6.4E+18",
        "6.8E+19",
        "7.2E+20",
        "7.6E+21",
        "8E+22",
        "8.4E+23",
        "8.8E+24",
        "9.2E+25",
        "9.6E+26",
        "1E+28",
        "1.04E+29",
        "1.08E+30",
        "1.12E+31",
        "1.16E+32",
        "1.2E+33",
        "1.24E+34",
        "1.28E+35",
        "1.32E+36",
        "1.36E+37",
        "1.40E+38",
        "1.44E+39",
        "1.48E+40",
        
    ],

    "MaxResetsCount": 10,

    "LevelUpRewards": [
        0,
        0,
"3000",
"3000",
"13000",
"13000",
"43000",
"43000",
"110000",
"110000",
"260000",
"260000",
"720000",
"720000",
"2200000",
"2200000",
"6200000",
"6200000",
"14000000",
"14000000",
"31000000",
"31000000",
"83000000",
"83000000",
"250000000",
"250000000",
"680000000",
"680000000",
"1500000000",
"1500000000",
"3200000000",
"3200000000",
"8700000000",
"8700000000",
"26000000000",
"26000000000",
"70000000000",
"70000000000",
"150000000000",
"150000000000",
"330000000000",
"330000000000",
"880000000000",
"880000000000",
"2600000000000",
"2600000000000",
"6900000000000",
"6900000000000",
"15000000000000",
"15000000000000",
"32000000000000",
"32000000000000",
"86000000000000",
"86000000000000",
"260000000000000",
"260000000000000",
"680000000000000",
"680000000000000",
"1.4E+15",
"1.4E+15",
"3.1E+15",
"3.1E+15",
"8.4E+15",
"8.4E+15",
"2.5E+16",
"2.5E+16",
"6.6E+16",
"6.6E+16",
"1.4E+17",
"1.4E+17",
"3E+17",
"3E+17",
"8.2E+17",
"8.2E+17",
"2.4E+18",
"2.4E+18",
"6.3E+18",
"6.3E+18",
"1.3E+19",
"1.3E+19",
"2.9E+19",
"2.9E+19",
"7.9E+19",
"7.9E+19",
"2.3E+20",
"2.3E+20",
"6.1E+20",
"6.1E+20",
"1.3E+21",
"1.3E+21",
"2.8E+21",
"2.8E+21",
"7.5E+21",
"7.5E+21",
"2.2E+22",
"2.2E+22",
"5.8E+22",
"5.8E+22",
"1.2E+23",
"1.2E+23",
"2.7E+23",
"2.7E+23",
"7.2E+23",
"7.2E+23",
"2.1E+24",
"2.1E+24",
"5.5E+24",
"5.5E+24",
    ],

    "TimeBetweenProdSpawns": 1.0,

    "DefaultTransporterSpeed": 0.1429
}
